--
-- PostgreSQL database dump
--

-- Dumped from database version 9.6.10
-- Dumped by pg_dump version 9.6.10

-- Started on 2018-10-24 23:22:26

SET statement_timeout = 0;
SET lock_timeout = 0;
SET idle_in_transaction_session_timeout = 0;
SET client_encoding = 'UTF8';
SET standard_conforming_strings = on;
SELECT pg_catalog.set_config('search_path', '', false);
SET check_function_bodies = false;
SET client_min_messages = warning;
SET row_security = off;

--
-- TOC entry 2397 (class 0 OID 16394)
-- Dependencies: 185
-- Data for Name: actividadesproyecto; Type: TABLE DATA; Schema: public; Owner: postgres
--



--
-- TOC entry 2398 (class 0 OID 16400)
-- Dependencies: 186
-- Data for Name: alumno; Type: TABLE DATA; Schema: public; Owner: postgres
--

INSERT INTO public.alumno ("NoControl", "Semestre", "Nombre", "Paterno", "Materno", id_carrera, "Actividades", "Folio_proyecto", servicio, residencia, tesis) VALUES ('127O2345', '9', 'JANETH', 'SANCHEZ', 'ORTIZ', 1, 'TRAER LAS TORTAS', 'PRE3', true, true, true);
INSERT INTO public.alumno ("NoControl", "Semestre", "Nombre", "Paterno", "Materno", id_carrera, "Actividades", "Folio_proyecto", servicio, residencia, tesis) VALUES ('137O1419', '10', 'MIGUEL ANGEL', 'RIVAS', 'VIVEROS', 3, 'PROGRAMAR TODO EL SISTEMA', 'PRE3', true, true, true);
INSERT INTO public.alumno ("NoControl", "Semestre", "Nombre", "Paterno", "Materno", id_carrera, "Actividades", "Folio_proyecto", servicio, residencia, tesis) VALUES ('117O1234', '7', 'MARIA', 'GOMEZ', 'PALACIOS', 1, 'DORMIR', 'PRE3', true, false, true);
INSERT INTO public.alumno ("NoControl", "Semestre", "Nombre", "Paterno", "Materno", id_carrera, "Actividades", "Folio_proyecto", servicio, residencia, tesis) VALUES ('127O1254', '7', 'MARIO', 'GÓMEZ', 'FERNÁNDEZ', 1, 'OBTENER TODOS LOS REQUERIMIENTOS DEL SISTEMA', 'PRE3', true, false, false);
INSERT INTO public.alumno ("NoControl", "Semestre", "Nombre", "Paterno", "Materno", id_carrera, "Actividades", "Folio_proyecto", servicio, residencia, tesis) VALUES ('117O4525', '9', 'FERNANDO', 'JUAN', 'LUNA', 3, 'DESARROLLAR EL PROTOTIPO FUNCIONAL', 'PRE3', true, true, false);
INSERT INTO public.alumno ("NoControl", "Semestre", "Nombre", "Paterno", "Materno", id_carrera, "Actividades", "Folio_proyecto", servicio, residencia, tesis) VALUES ('127O0949', '8', 'LENAE', 'PORTILLA', 'AHUMADA', 1, 'INVENTARIO DE LA TIENDITA', 'PRE4', true, true, false);


--
-- TOC entry 2399 (class 0 OID 16403)
-- Dependencies: 187
-- Data for Name: alumnoscolaboradoresdetalle; Type: TABLE DATA; Schema: public; Owner: postgres
--

INSERT INTO public.alumnoscolaboradoresdetalle (pkdetalle_alumnocoldetalle, folioproyecto, "FkNoControl") VALUES (1, 'PRE3', '137O1419');
INSERT INTO public.alumnoscolaboradoresdetalle (pkdetalle_alumnocoldetalle, folioproyecto, "FkNoControl") VALUES (2, 'PRE3', '127O2345');


--
-- TOC entry 2400 (class 0 OID 16406)
-- Dependencies: 188
-- Data for Name: asesor; Type: TABLE DATA; Schema: public; Owner: postgres
--



--
-- TOC entry 2401 (class 0 OID 16409)
-- Dependencies: 189
-- Data for Name: carrera; Type: TABLE DATA; Schema: public; Owner: postgres
--

INSERT INTO public.carrera ("idCarrera", "Descripcion") VALUES (2, 'INgenieria en gestion ');
INSERT INTO public.carrera ("idCarrera", "Descripcion") VALUES (3, 'ingenieria en sistemas');
INSERT INTO public.carrera ("idCarrera", "Descripcion") VALUES (1, 'Ingenieria bioquimica');


--
-- TOC entry 2457 (class 0 OID 0)
-- Dependencies: 190
-- Name: carrera_idCarrera_seq; Type: SEQUENCE SET; Schema: public; Owner: postgres
--

SELECT pg_catalog.setval('public."carrera_idCarrera_seq"', 1, false);


--
-- TOC entry 2413 (class 0 OID 16444)
-- Dependencies: 201
-- Data for Name: cat_estadoproyecto; Type: TABLE DATA; Schema: public; Owner: postgres
--

INSERT INTO public.cat_estadoproyecto ("idEstado", "Descripcion") VALUES (2, 'EN REVISION');
INSERT INTO public.cat_estadoproyecto ("idEstado", "Descripcion") VALUES (1, 'EN CORRECCION');
INSERT INTO public.cat_estadoproyecto ("idEstado", "Descripcion") VALUES (3, 'ACEPTADO');
INSERT INTO public.cat_estadoproyecto ("idEstado", "Descripcion") VALUES (4, 'RECHAZADO');
INSERT INTO public.cat_estadoproyecto ("idEstado", "Descripcion") VALUES (5, 'EN REVISION INV.');
INSERT INTO public.cat_estadoproyecto ("idEstado", "Descripcion") VALUES (6, 'EN PRORROGA');
INSERT INTO public.cat_estadoproyecto ("idEstado", "Descripcion") VALUES (7, 'EN PRORROGA INV.');
INSERT INTO public.cat_estadoproyecto ("idEstado", "Descripcion") VALUES (8, 'EN PRORROGA COM.');
INSERT INTO public.cat_estadoproyecto ("idEstado", "Descripcion") VALUES (9, 'PRORROGA A');
INSERT INTO public.cat_estadoproyecto ("idEstado", "Descripcion") VALUES (10, 'PRORROGA R');
INSERT INTO public.cat_estadoproyecto ("idEstado", "Descripcion") VALUES (11, 'EN PRORROGA C-I');


--
-- TOC entry 2403 (class 0 OID 16414)
-- Dependencies: 191
-- Data for Name: catmetasalumno; Type: TABLE DATA; Schema: public; Owner: postgres
--



--
-- TOC entry 2458 (class 0 OID 0)
-- Dependencies: 192
-- Name: catmetasalumno_idMetas_seq; Type: SEQUENCE SET; Schema: public; Owner: postgres
--

SELECT pg_catalog.setval('public."catmetasalumno_idMetas_seq"', 1, false);


--
-- TOC entry 2405 (class 0 OID 16419)
-- Dependencies: 193
-- Data for Name: catobservaciones; Type: TABLE DATA; Schema: public; Owner: postgres
--

INSERT INTO public.catobservaciones ("idObservaciones", "Descripcion") VALUES (1, 'Proyecto');
INSERT INTO public.catobservaciones ("idObservaciones", "Descripcion") VALUES (3, 'Colaboradores');
INSERT INTO public.catobservaciones ("idObservaciones", "Descripcion") VALUES (4, 'Objetivos');
INSERT INTO public.catobservaciones ("idObservaciones", "Descripcion") VALUES (5, 'Vinculacion');
INSERT INTO public.catobservaciones ("idObservaciones", "Descripcion") VALUES (6, 'Metas');
INSERT INTO public.catobservaciones ("idObservaciones", "Descripcion") VALUES (7, 'Etapas');
INSERT INTO public.catobservaciones ("idObservaciones", "Descripcion") VALUES (8, 'Financiamiento');
INSERT INTO public.catobservaciones ("idObservaciones", "Descripcion") VALUES (9, 'Alumnos');
INSERT INTO public.catobservaciones ("idObservaciones", "Descripcion") VALUES (2, 'Responsable');
INSERT INTO public.catobservaciones ("idObservaciones", "Descripcion") VALUES (10, 'Prorroga');


--
-- TOC entry 2406 (class 0 OID 16422)
-- Dependencies: 194
-- Data for Name: catsancion; Type: TABLE DATA; Schema: public; Owner: postgres
--



--
-- TOC entry 2459 (class 0 OID 0)
-- Dependencies: 195
-- Name: catsancion_idCatSancion_seq; Type: SEQUENCE SET; Schema: public; Owner: postgres
--

SELECT pg_catalog.setval('public."catsancion_idCatSancion_seq"', 1, false);


--
-- TOC entry 2408 (class 0 OID 16427)
-- Dependencies: 196
-- Data for Name: colaboradordocente; Type: TABLE DATA; Schema: public; Owner: postgres
--

INSERT INTO public.colaboradordocente ("Actividades", "Proyecto_FolioProyecto", "Docente_noPersonal", ap_paterno, ap_materno, grado_max_estudios, celular, correo_institucional, correo_alternativo, id_carrera, nombre) VALUES ('DISEÑAR RED', 'PRE3', 1254, 'TORRES', 'VERA', 'LICENCIATURA', 0, 'torres@hotmail.com', 'vera@hotmail.com', 3, 'FRANCISCO JAVIER');
INSERT INTO public.colaboradordocente ("Actividades", "Proyecto_FolioProyecto", "Docente_noPersonal", ap_paterno, ap_materno, grado_max_estudios, celular, correo_institucional, correo_alternativo, id_carrera, nombre) VALUES ('PROGRAMAR ALGO', 'PRE3', 1478, 'LAGUNES ', 'BARRADAS', 'DOCTORADO', 2288447788, 'vicky@hotmail.com', 'lagunes@hotmail.com', 3, 'VIRGINIA');
INSERT INTO public.colaboradordocente ("Actividades", "Proyecto_FolioProyecto", "Docente_noPersonal", ap_paterno, ap_materno, grado_max_estudios, celular, correo_institucional, correo_alternativo, id_carrera, nombre) VALUES ('DISEÑAR LA BASE DE DATOS DEL SISTEMAS', 'PRE3', 254, 'OLGUÍN ', 'MEDINA', 'Licenciatura', 0, 'olguin@hotmail.com', '', 3, 'JUAN MANUEL');
INSERT INTO public.colaboradordocente ("Actividades", "Proyecto_FolioProyecto", "Docente_noPersonal", ap_paterno, ap_materno, grado_max_estudios, celular, correo_institucional, correo_alternativo, id_carrera, nombre) VALUES ('CHECAR EL CÓDIGO', 'PRE4', 145, 'LÓPEZ', 'LEAL', 'DOCTORADO', 0, 'leal@hotmail.com', '', 3, 'RAÚL');
INSERT INTO public.colaboradordocente ("Actividades", "Proyecto_FolioProyecto", "Docente_noPersonal", ap_paterno, ap_materno, grado_max_estudios, celular, correo_institucional, correo_alternativo, id_carrera, nombre) VALUES ('DISEÑAR LAS INTERFACES EL ERP', 'PRE4', 125, 'HERNÁNDEZ', 'PITALUA', 'MAESTRÍA', 0, 'pitalua@gmail.com', '', 3, 'DANIEL');


--
-- TOC entry 2409 (class 0 OID 16433)
-- Dependencies: 197
-- Data for Name: constancias; Type: TABLE DATA; Schema: public; Owner: postgres
--



--
-- TOC entry 2410 (class 0 OID 16436)
-- Dependencies: 198
-- Data for Name: docente; Type: TABLE DATA; Schema: public; Owner: postgres
--

INSERT INTO public.docente ("noPersonal", "GradoMaximoEstudios", "TelefonoMovil", "Carrera_idCarrera") VALUES (1, 'Licenciatura', 389967, 3);
INSERT INTO public.docente ("noPersonal", "GradoMaximoEstudios", "TelefonoMovil", "Carrera_idCarrera") VALUES (2, 'Licenciatura', 389947, 3);
INSERT INTO public.docente ("noPersonal", "GradoMaximoEstudios", "TelefonoMovil", "Carrera_idCarrera") VALUES (6, '1', 312314, 1);
INSERT INTO public.docente ("noPersonal", "GradoMaximoEstudios", "TelefonoMovil", "Carrera_idCarrera") VALUES (7, '1', 43253, 1);
INSERT INTO public.docente ("noPersonal", "GradoMaximoEstudios", "TelefonoMovil", "Carrera_idCarrera") VALUES (8, '1', 23452, 1);
INSERT INTO public.docente ("noPersonal", "GradoMaximoEstudios", "TelefonoMovil", "Carrera_idCarrera") VALUES (10, '1', 4342, 1);
INSERT INTO public.docente ("noPersonal", "GradoMaximoEstudios", "TelefonoMovil", "Carrera_idCarrera") VALUES (32, '1', 423423, 1);


--
-- TOC entry 2411 (class 0 OID 16439)
-- Dependencies: 199
-- Data for Name: entregable; Type: TABLE DATA; Schema: public; Owner: postgres
--



--
-- TOC entry 2460 (class 0 OID 0)
-- Dependencies: 200
-- Name: entregable_idEntregable_seq; Type: SEQUENCE SET; Schema: public; Owner: postgres
--

SELECT pg_catalog.setval('public."entregable_idEntregable_seq"', 1, false);


--
-- TOC entry 2461 (class 0 OID 0)
-- Dependencies: 202
-- Name: estadoproyecto_idEstado_seq; Type: SEQUENCE SET; Schema: public; Owner: postgres
--

SELECT pg_catalog.setval('public."estadoproyecto_idEstado_seq"', 1, false);


--
-- TOC entry 2415 (class 0 OID 16449)
-- Dependencies: 203
-- Data for Name: etapas; Type: TABLE DATA; Schema: public; Owner: postgres
--

INSERT INTO public.etapas ("FolioProyecto", "noEtapa", "NombreEtapa", "FechaInicio", "FechaFin", "Meses", "Descripcion", "Metas", "Actividades", "Productos", "PkEtapas") VALUES ('PRE3', 2, 'PRIMERA', '2018-09-28', '2018-09-30', 3, 'AUN FALTA', 'ENTREGAR EN TIEMPO Y FORMA                                                    ', 'PROGRAMAR HASTA MORIR                              ', 'NO HAY                                                    ', 1);
INSERT INTO public.etapas ("FolioProyecto", "noEtapa", "NombreEtapa", "FechaInicio", "FechaFin", "Meses", "Descripcion", "Metas", "Actividades", "Productos", "PkEtapas") VALUES ('PRE3', 2, 'SEGUNDA', '2018-09-28', '2018-09-30', 2, 'YA FALTA MENOS', 'FECHA DE ENTREGA                                                    ', 'NO HAY POR EL MOMENTO                                                    ', 'PROTOTIPO                                                    ', 2);
INSERT INTO public.etapas ("FolioProyecto", "noEtapa", "NombreEtapa", "FechaInicio", "FechaFin", "Meses", "Descripcion", "Metas", "Actividades", "Productos", "PkEtapas") VALUES ('PRE3', 2, 'AGE ONE ', '2018-09-18', '2018-09-30', 2, 'EN ESTA ETAPA VAMOS A PENSAR EN LO QUE VAMOS A HACER', 'ENTREGAR EN TIEMPO Y FORMA', 'HACER LOS DIAGRAMAS DE CASOS DE USO                                   ', 'AÚN NO HAY ALGUNO                                          ', 3);
INSERT INTO public.etapas ("FolioProyecto", "noEtapa", "NombreEtapa", "FechaInicio", "FechaFin", "Meses", "Descripcion", "Metas", "Actividades", "Productos", "PkEtapas") VALUES ('PRE3', 2, 'AGE TWO', '2018-09-18', '2018-10-31', 5, 'EN ESTA ETAPA YA VAMOS A ESTAR EN DESARROLLO', 'ENTREGAR UN PROTOTIPO                                                    ', 'PROGRAMAR TODO EL PROTOTIPO            ', 'PROTOTIPO FUNCIONAL', 4);
INSERT INTO public.etapas ("FolioProyecto", "noEtapa", "NombreEtapa", "FechaInicio", "FechaFin", "Meses", "Descripcion", "Metas", "Actividades", "Productos", "PkEtapas") VALUES ('PRE4', 1, 'PRIMERA', '2018-09-28', '2018-09-30', 3, 'AUN FALTA', 'ENTREGAR EN TIEMPO Y FORMA', 'PROGRAMAR HASTA MORIR', 'NO HAY', 6);
INSERT INTO public.etapas ("FolioProyecto", "noEtapa", "NombreEtapa", "FechaInicio", "FechaFin", "Meses", "Descripcion", "Metas", "Actividades", "Productos", "PkEtapas") VALUES ('PRE4', 2, 'ENTREGA 1', '2018-10-31', '2019-03-31', 5, 'ENTREGA FINAL', 'DESARROLLAR UN SISTEMA                      ', 'HACER TODO   ', 'UN ERP PARA LA TIENDITA                               ', 5);


--
-- TOC entry 2416 (class 0 OID 16455)
-- Dependencies: 204
-- Data for Name: financiamientorequerido; Type: TABLE DATA; Schema: public; Owner: postgres
--

INSERT INTO public.financiamientorequerido ("FolioProyecto", "Financiamiento", "Interno", "Externo", "Especificar", "Infraestructura", "Consumibles", "Licencias", "Viaticos", "Publicaciones", "Equipo", "Patentes", "Otros", "Especifique") VALUES ('PRE3', false, NULL, NULL, NULL, 1.00, 2.00, 2.00, 3.00, 3.00, 3.00, 3.00, 3.00, 'OTRO MÁS');
INSERT INTO public.financiamientorequerido ("FolioProyecto", "Financiamiento", "Interno", "Externo", "Especificar", "Infraestructura", "Consumibles", "Licencias", "Viaticos", "Publicaciones", "Equipo", "Patentes", "Otros", "Especifique") VALUES ('PRE4', true, false, true, 'EL ITSX ME VA A PAGAR LOS CAMIONES', NULL, NULL, NULL, NULL, NULL, NULL, NULL, NULL, NULL);


--
-- TOC entry 2417 (class 0 OID 16458)
-- Dependencies: 205
-- Data for Name: lineainvestigacion; Type: TABLE DATA; Schema: public; Owner: postgres
--

INSERT INTO public.lineainvestigacion (id, descripcion) VALUES (1, 'Informactica');
INSERT INTO public.lineainvestigacion (id, descripcion) VALUES (2, 'Computo en la nube');


--
-- TOC entry 2418 (class 0 OID 16461)
-- Dependencies: 206
-- Data for Name: logrosconocimiento; Type: TABLE DATA; Schema: public; Owner: postgres
--



--
-- TOC entry 2419 (class 0 OID 16464)
-- Dependencies: 207
-- Data for Name: logrosdivulgacionpublicaciones; Type: TABLE DATA; Schema: public; Owner: postgres
--



--
-- TOC entry 2420 (class 0 OID 16467)
-- Dependencies: 208
-- Data for Name: logrospresentacioneseventos; Type: TABLE DATA; Schema: public; Owner: postgres
--



--
-- TOC entry 2421 (class 0 OID 16470)
-- Dependencies: 209
-- Data for Name: logrosrecursoshumanos; Type: TABLE DATA; Schema: public; Owner: postgres
--



--
-- TOC entry 2422 (class 0 OID 16473)
-- Dependencies: 210
-- Data for Name: metas; Type: TABLE DATA; Schema: public; Owner: postgres
--

INSERT INTO public.metas ("FkFolioProyecto", "Servicio", "Residencia", "Tesis", "Ponencia", "Articulos", "Libros", "PropiedadesIntelectual", "Otros", "PkMetas") VALUES ('PRE4', true, true, false, false, false, false, '', '', 2);
INSERT INTO public.metas ("FkFolioProyecto", "Servicio", "Residencia", "Tesis", "Ponencia", "Articulos", "Libros", "PropiedadesIntelectual", "Otros", "PkMetas") VALUES ('PRE3', true, true, true, false, false, false, 'INTELIGENTE', '', 1);


--
-- TOC entry 2423 (class 0 OID 16479)
-- Dependencies: 211
-- Data for Name: metasalcanzadas; Type: TABLE DATA; Schema: public; Owner: postgres
--



--
-- TOC entry 2424 (class 0 OID 16485)
-- Dependencies: 212
-- Data for Name: metasalumnos; Type: TABLE DATA; Schema: public; Owner: postgres
--



--
-- TOC entry 2462 (class 0 OID 0)
-- Dependencies: 213
-- Name: metasalumnos_idMetasAlumnos_seq; Type: SEQUENCE SET; Schema: public; Owner: postgres
--

SELECT pg_catalog.setval('public."metasalumnos_idMetasAlumnos_seq"', 1, false);


--
-- TOC entry 2426 (class 0 OID 16490)
-- Dependencies: 214
-- Data for Name: notificaciones; Type: TABLE DATA; Schema: public; Owner: postgres
--



--
-- TOC entry 2427 (class 0 OID 16494)
-- Dependencies: 215
-- Data for Name: objetivosalcanzados; Type: TABLE DATA; Schema: public; Owner: postgres
--



--
-- TOC entry 2428 (class 0 OID 16500)
-- Dependencies: 216
-- Data for Name: observaciones; Type: TABLE DATA; Schema: public; Owner: postgres
--

INSERT INTO public.observaciones ("ObservacionesGestion", "ObservacionesInvestigacion", "ObservacionesComite", "CatObservaciones_idObservaciones", "Proyecto_FolioProyecto") VALUES ('', NULL, NULL, 1, 'PRE4');
INSERT INTO public.observaciones ("ObservacionesGestion", "ObservacionesInvestigacion", "ObservacionesComite", "CatObservaciones_idObservaciones", "Proyecto_FolioProyecto") VALUES ('', NULL, NULL, 2, 'PRE4');
INSERT INTO public.observaciones ("ObservacionesGestion", "ObservacionesInvestigacion", "ObservacionesComite", "CatObservaciones_idObservaciones", "Proyecto_FolioProyecto") VALUES ('', NULL, NULL, 3, 'PRE4');
INSERT INTO public.observaciones ("ObservacionesGestion", "ObservacionesInvestigacion", "ObservacionesComite", "CatObservaciones_idObservaciones", "Proyecto_FolioProyecto") VALUES ('NO SE HAN DECLARADO', NULL, NULL, 4, 'PRE4');
INSERT INTO public.observaciones ("ObservacionesGestion", "ObservacionesInvestigacion", "ObservacionesComite", "CatObservaciones_idObservaciones", "Proyecto_FolioProyecto") VALUES ('', NULL, NULL, 5, 'PRE4');
INSERT INTO public.observaciones ("ObservacionesGestion", "ObservacionesInvestigacion", "ObservacionesComite", "CatObservaciones_idObservaciones", "Proyecto_FolioProyecto") VALUES ('', NULL, NULL, 6, 'PRE4');
INSERT INTO public.observaciones ("ObservacionesGestion", "ObservacionesInvestigacion", "ObservacionesComite", "CatObservaciones_idObservaciones", "Proyecto_FolioProyecto") VALUES ('AGREGA OTRA ETAPA COMO MÍNIMO', NULL, NULL, 7, 'PRE4');
INSERT INTO public.observaciones ("ObservacionesGestion", "ObservacionesInvestigacion", "ObservacionesComite", "CatObservaciones_idObservaciones", "Proyecto_FolioProyecto") VALUES ('', NULL, NULL, 8, 'PRE4');
INSERT INTO public.observaciones ("ObservacionesGestion", "ObservacionesInvestigacion", "ObservacionesComite", "CatObservaciones_idObservaciones", "Proyecto_FolioProyecto") VALUES ('', NULL, NULL, 9, 'PRE4');


--
-- TOC entry 2429 (class 0 OID 16506)
-- Dependencies: 217
-- Data for Name: observacionesentregable; Type: TABLE DATA; Schema: public; Owner: postgres
--



--
-- TOC entry 2430 (class 0 OID 16512)
-- Dependencies: 218
-- Data for Name: prorroga; Type: TABLE DATA; Schema: public; Owner: postgres
--

INSERT INTO public.prorroga ("Motivo", tiempo, "ObsGestion", "ObsInv", "ObsCom", "Proyecto_FolioProyecto", "Razones", fecha_solicitud, id_docente, otro_especifique, etapa_solicitada) VALUES ('Otro', NULL, NULL, NULL, NULL, 'PRE4', 'Tengo gripe crónica', '2018-10-07', 1, 'Me duele la cabeza', 2);


--
-- TOC entry 2431 (class 0 OID 16518)
-- Dependencies: 219
-- Data for Name: proyecto; Type: TABLE DATA; Schema: public; Owner: postgres
--

INSERT INTO public.proyecto ("FolioProyecto", "idEstado", "FechaPresentacion", "FechaReactivacion", "PalabraClave1", "PalabraClave2", "PalabraClave3", "Responsable", "actividadesResponsable", "ConvocatoriaCPR", "TipoInvestigacion", "TipoSector", "LineaInvestigacion", "Inicio", "Fin", "NombreProyecto", "ObjetivoGeneral", "ObjetivoEspecifico", "Resultados", "Especificar", "NoRevision") VALUES ('PRE1', NULL, '2018-09-06', NULL, NULL, NULL, NULL, NULL, NULL, 'CPR1', 1, 1, 1, '2018-09-06', '2019-03-06', 'apremat', NULL, NULL, NULL, '', NULL);
INSERT INTO public.proyecto ("FolioProyecto", "idEstado", "FechaPresentacion", "FechaReactivacion", "PalabraClave1", "PalabraClave2", "PalabraClave3", "Responsable", "actividadesResponsable", "ConvocatoriaCPR", "TipoInvestigacion", "TipoSector", "LineaInvestigacion", "Inicio", "Fin", "NombreProyecto", "ObjetivoGeneral", "ObjetivoEspecifico", "Resultados", "Especificar", "NoRevision") VALUES ('PRE3', 2, '2018-09-06', NULL, 'programa', 'inteligencia', 'artificial', 1, 'diseñar interfaces', 'CPR1', 1, 1, 1, '2018-09-06', '2019-03-06', 'sigue', 'CONTRUIR ALGO', 'ANALIZAR
DISEÑAR
PROGRAMAR', 'UN SISTEMA EFICIENTE', '', NULL);
INSERT INTO public.proyecto ("FolioProyecto", "idEstado", "FechaPresentacion", "FechaReactivacion", "PalabraClave1", "PalabraClave2", "PalabraClave3", "Responsable", "actividadesResponsable", "ConvocatoriaCPR", "TipoInvestigacion", "TipoSector", "LineaInvestigacion", "Inicio", "Fin", "NombreProyecto", "ObjetivoGeneral", "ObjetivoEspecifico", "Resultados", "Especificar", "NoRevision") VALUES ('PRE4', 1, '2018-09-19', NULL, 'PUNTO', 'VENTA', 'ERP', 1, 'ANALIZAR, DISEÑAR Y PROGRAMAR', 'CPR1', 1, 2, 1, '2018-10-01', '2019-03-31', 'ERP TIENDITA', 'ANALIZAR, DISEÑAR, PROGRAMAR Y PROBAR', 'UN ERP PARA LA TIENDITA', 'UN ERP PARA UN PUNTO DE VENTA', '', NULL);


--
-- TOC entry 2432 (class 0 OID 16524)
-- Dependencies: 220
-- Data for Name: proyectoscancelados; Type: TABLE DATA; Schema: public; Owner: postgres
--



--
-- TOC entry 2433 (class 0 OID 16527)
-- Dependencies: 221
-- Data for Name: recepcion; Type: TABLE DATA; Schema: public; Owner: postgres
--



--
-- TOC entry 2434 (class 0 OID 16530)
-- Dependencies: 222
-- Data for Name: resultados; Type: TABLE DATA; Schema: public; Owner: postgres
--



--
-- TOC entry 2435 (class 0 OID 16533)
-- Dependencies: 223
-- Data for Name: resumenejecutivo; Type: TABLE DATA; Schema: public; Owner: postgres
--



--
-- TOC entry 2436 (class 0 OID 16536)
-- Dependencies: 224
-- Data for Name: sanciones; Type: TABLE DATA; Schema: public; Owner: postgres
--



--
-- TOC entry 2437 (class 0 OID 16542)
-- Dependencies: 225
-- Data for Name: tipoinvestigacion; Type: TABLE DATA; Schema: public; Owner: postgres
--

INSERT INTO public.tipoinvestigacion (id, descripcion) VALUES (1, 'investigacion Aplicada');
INSERT INTO public.tipoinvestigacion (id, descripcion) VALUES (2, 'Investigacion Pura');
INSERT INTO public.tipoinvestigacion (id, descripcion) VALUES (3, 'Investigacion especial');


--
-- TOC entry 2438 (class 0 OID 16545)
-- Dependencies: 226
-- Data for Name: tiposector; Type: TABLE DATA; Schema: public; Owner: postgres
--

INSERT INTO public.tiposector (id, descripcion) VALUES (1, 'Publico');
INSERT INTO public.tiposector (id, descripcion) VALUES (2, 'Privado');


--
-- TOC entry 2439 (class 0 OID 16548)
-- Dependencies: 227
-- Data for Name: tipousuario; Type: TABLE DATA; Schema: public; Owner: postgres
--

INSERT INTO public.tipousuario (idtipousuario, descripciontipo) VALUES (1, 'Docente');
INSERT INTO public.tipousuario (idtipousuario, descripciontipo) VALUES (2, 'Gestion');
INSERT INTO public.tipousuario (idtipousuario, descripciontipo) VALUES (3, 'Investigacion');
INSERT INTO public.tipousuario (idtipousuario, descripciontipo) VALUES (4, 'Comite');


--
-- TOC entry 2440 (class 0 OID 16551)
-- Dependencies: 228
-- Data for Name: usuario; Type: TABLE DATA; Schema: public; Owner: postgres
--

INSERT INTO public.usuario ("NoPersonal", "Nombre", "ApellidoP", "ApellidoM", "FechaNacimiento", "Sexo", "CorreoInstitucional", contrasenia, "tipoUsuario", estado) VALUES (6, 'jose', 'ricardez', 'cruz', '2018-12-31', 'F', 'hector481516@gmail.com', '1234', 1, 1);
INSERT INTO public.usuario ("NoPersonal", "Nombre", "ApellidoP", "ApellidoM", "FechaNacimiento", "Sexo", "CorreoInstitucional", contrasenia, "tipoUsuario", estado) VALUES (7, 'doris', 'lobato', 'rodriguez', '1982-01-20', 'F', 'tango.lobaro@outlook.com', '1234', 1, 1);
INSERT INTO public.usuario ("NoPersonal", "Nombre", "ApellidoP", "ApellidoM", "FechaNacimiento", "Sexo", "CorreoInstitucional", contrasenia, "tipoUsuario", estado) VALUES (8, 'norma', 'cruz', 'orozco', '2018-12-31', 'F', 'noriza54@hotmail.com', '1234', 1, 1);
INSERT INTO public.usuario ("NoPersonal", "Nombre", "ApellidoP", "ApellidoM", "FechaNacimiento", "Sexo", "CorreoInstitucional", contrasenia, "tipoUsuario", estado) VALUES (10, 'Usuario', 'primero', 'segundo', '2018-01-01', 'F', 'correo@hotmail.com', '1234', 1, 2);
INSERT INTO public.usuario ("NoPersonal", "Nombre", "ApellidoP", "ApellidoM", "FechaNacimiento", "Sexo", "CorreoInstitucional", contrasenia, "tipoUsuario", estado) VALUES (1, 'Hector', 'Ricardez', 'Cruz', '1992-04-11', 'M', 'Hector481516@gmail.com', '4815162342', 1, 1);
INSERT INTO public.usuario ("NoPersonal", "Nombre", "ApellidoP", "ApellidoM", "FechaNacimiento", "Sexo", "CorreoInstitucional", contrasenia, "tipoUsuario", estado) VALUES (32, 'juan manuel', 'olguin', 'medina', '1962-05-19', 'F', 'otrocorreo@hotmai.com', '1234', 1, 2);
INSERT INTO public.usuario ("NoPersonal", "Nombre", "ApellidoP", "ApellidoM", "FechaNacimiento", "Sexo", "CorreoInstitucional", contrasenia, "tipoUsuario", estado) VALUES (2, 'Miguel', 'Rivas', 'Viveros', '1994-04-03', 'M', 'MiguelAzul@gmail.com', '1234', 2, 1);


--
-- TOC entry 2441 (class 0 OID 16554)
-- Dependencies: 229
-- Data for Name: vinculacion; Type: TABLE DATA; Schema: public; Owner: postgres
--

INSERT INTO public.vinculacion ("FolioProyecto", "NombreOrganizacion", "Dirección", "Area", "Telefono", "NombreCompleto", "DescripcionOrganizacion", "DescripcionAportaciones") VALUES ('PRE3', 'CHEDRAUI', 'CERCA', 'GRANDE', '2255888445', 'VELAZQUEZ', 'TIENDITA DE LA ESQUINA', 'ME DEPOSITAN CADA MES');
INSERT INTO public.vinculacion ("FolioProyecto", "NombreOrganizacion", "Dirección", "Area", "Telefono", "NombreCompleto", "DescripcionOrganizacion", "DescripcionAportaciones") VALUES ('PRE4', 'GOBIERNO DEL ESTADO', 'ENRIQUE SEGOVIANO', 'INFORMÁTICA', '123456', 'PEDRO DAMIÁN LÓPEZ', 'ES UNA INSTITUCIÓN GUBERNAMENTAL', '');


-- Completed on 2018-10-24 23:22:27

--
-- PostgreSQL database dump complete
--

